Type,Country,Year,Values
DALYs from bipolar disorder,Afghanistan,2019,148.22464
DALYs from depressive disorders,Afghanistan,2019,890.1888
DALYs from schizophrenia,Afghanistan,2019,135.63637
DALYs from anxiety disorders,Afghanistan,2019,457.2457
DALYs from eating disorders,Afghanistan,2019,24.71175
DALYs from bipolar disorder,African Region (WHO),2019,123.5525
DALYs from depressive disorders,African Region (WHO),2019,779.7414
DALYs from schizophrenia,African Region (WHO),2019,138.14122
DALYs from anxiety disorders,African Region (WHO),2019,335.29965
DALYs from eating disorders,African Region (WHO),2019,23.904
DALYs from bipolar disorder,Albania,2019,117.631195
DALYs from depressive disorders,Albania,2019,386.41925
DALYs from schizophrenia,Albania,2019,185.53891
DALYs from anxiety disorders,Albania,2019,368.115
DALYs from eating disorders,Albania,2019,29.221224
DALYs from bipolar disorder,Algeria,2019,163.71942
DALYs from depressive disorders,Algeria,2019,736.5149
DALYs from schizophrenia,Algeria,2019,160.01306
DALYs from anxiety disorders,Algeria,2019,458.80023
DALYs from eating disorders,Algeria,2019,44.83972
DALYs from bipolar disorder,American Samoa,2019,59.720222
DALYs from depressive disorders,American Samoa,2019,393.94205
DALYs from schizophrenia,American Samoa,2019,192.81041
DALYs from anxiety disorders,American Samoa,2019,384.18695
DALYs from eating disorders,American Samoa,2019,27.35564
DALYs from bipolar disorder,Andorra,2019,201.29405
DALYs from depressive disorders,Andorra,2019,626.0286
DALYs from schizophrenia,Andorra,2019,183.04898
DALYs from anxiety disorders,Andorra,2019,522.7868
DALYs from eating disorders,Andorra,2019,111.03082
DALYs from bipolar disorder,Angola,2019,118.545525
DALYs from depressive disorders,Angola,2019,1048.8491
DALYs from schizophrenia,Angola,2019,137.04173
DALYs from anxiety disorders,Angola,2019,378.2195
DALYs from eating disorders,Angola,2019,25.364304
DALYs from anxiety disorders,East Asia & Pacific (WB),2019,313.38013
DALYs from anxiety disorders,Eastern Mediterranean Region (WHO),2019,443.31262
DALYs from anxiety disorders,England,2019,420.71692
DALYs from anxiety disorders,Europe & Central Asia (WB),2019,416.01544
DALYs from anxiety disorders,European Region (WHO),2019,415.4222
DALYs from anxiety disorders,G20,2019,350.642
DALYs from anxiety disorders,High Income (WB),2019,464.84207
DALYs from anxiety disorders,Latin America & Caribbean (WB),2019,520.4963
DALYs from anxiety disorders,Low Income (WB),2019,350.46918
DALYs from anxiety disorders,Lower Middle Income (WB),2019,315.94724
DALYs from anxiety disorders,Middle East & North Africa (WB),2019,505.5568
DALYs from anxiety disorders,Middle Income (WB),2019,377.93237
DALYs from anxiety disorders,North America (WB),2019,521.5066
DALYs from anxiety disorders,Northern Ireland,2019,623.16846
DALYs from anxiety disorders,OECD Countries,2019,454.4008
DALYs from anxiety disorders,Region of the Americas (WHO),2019,520.3447
DALYs from anxiety disorders,Scotland,2019,402.27838
DALYs from anxiety disorders,South Asia (WB),2019,291.39273
DALYs from anxiety disorders,South-East Asia Region (WHO),2019,294.39355
DALYs from anxiety disorders,Sub-Saharan Africa (WB),2019,334.55646
DALYs from anxiety disorders,Wales,2019,407.64117
DALYs from anxiety disorders,Western Pacific Region (WHO),2019,309.40515
DALYs from anxiety disorders,Angola,2019,374.53
DALYs from anxiety disorders,United Arab Emirates,2019,408.53745
DALYs from anxiety disorders,Argentina,2019,477.98843
DALYs from anxiety disorders,Armenia,2019,302.23453
DALYs from anxiety disorders,Antigua and Barbuda,2019,414.30817
DALYs from anxiety disorders,Australia,2019,555.26514
DALYs from anxiety disorders,Austria,2019,575.83685
DALYs from anxiety disorders,Azerbaijan,2019,237.73558
DALYs from anxiety disorders,Burundi,2019,344.90887
DALYs from anxiety disorders,Belgium,2019,482.79935
DALYs from anxiety disorders,Benin,2019,309.66983
DALYs from anxiety disorders,Burkina Faso,2019,298.70984
DALYs from anxiety disorders,Bangladesh,2019,302.1657
DALYs from anxiety disorders,Bulgaria,2019,325.23016
DALYs from anxiety disorders,Bahrain,2019,474.18597
DALYs from anxiety disorders,Bahamas,2019,416.27075
DALYs from anxiety disorders,Bosnia and Herzegovina,2019,337.393
DALYs from anxiety disorders,Belarus,2019,333.80008
DALYs from anxiety disorders,Belize,2019,400.1483
DALYs from anxiety disorders,Bermuda,2019,416.2729
DALYs from anxiety disorders,Bolivia,2019,548.67444
DALYs from anxiety disorders,Brazil,2019,703.0959
DALYs from anxiety disorders,Barbados,2019,414.7921
DALYs from anxiety disorders,Brunei,2019,274.95563
DALYs from anxiety disorders,Bhutan,2019,309.87375
DALYs from anxiety disorders,Botswana,2019,335.34027
DALYs from anxiety disorders,Central African Republic,2019,416.3389
DALYs from anxiety disorders,Canada,2019,412.78735
DALYs from anxiety disorders,Switzerland,2019,650.5403
DALYs from anxiety disorders,Chile,2019,522.145
DALYs from anxiety disorders,China,2019,306.01974
DALYs from anxiety disorders,Cote d'Ivoire,2019,310.09085
DALYs from anxiety disorders,Cameroon,2019,306.0481
DALYs from anxiety disorders,Democratic Republic of Congo,2019,361.17035
DALYs from anxiety disorders,Congo,2019,355.10745
DALYs from anxiety disorders,Cook Islands,2019,390.17142
DALYs from anxiety disorders,Colombia,2019,451.81342
DALYs from anxiety disorders,Comoros,2019,340.42432
DALYs from anxiety disorders,Cape Verde,2019,297.17886
DALYs from anxiety disorders,Costa Rica,2019,402.4887
DALYs from anxiety disorders,Cuba,2019,406.79276
DALYs from anxiety disorders,Cyprus,2019,619.9741
DALYs from anxiety disorders,Czechia,2019,300.5031
DALYs from anxiety disorders,Germany,2019,592.5493
DALYs from anxiety disorders,Djibouti,2019,312.10767
DALYs from anxiety disorders,Dominica,2019,408.60886
DALYs from anxiety disorders,Denmark,2019,466.41702
DALYs from anxiety disorders,Dominican Republic,2019,430.92667
DALYs from anxiety disorders,Ecuador,2019,501.4449
DALYs from anxiety disorders,Egypt,2019,441.84732
DALYs from anxiety disorders,Eritrea,2019,354.82016
DALYs from anxiety disorders,Spain,2019,465.5033
DALYs from anxiety disorders,Estonia,2019,323.84485
DALYs from anxiety disorders,Ethiopia,2019,331.143
DALYs from anxiety disorders,Finland,2019,382.44467
DALYs from anxiety disorders,Fiji,2019,383.6016
DALYs from anxiety disorders,France,2019,600.69684
DALYs from anxiety disorders,Micronesia (country),2019,384.40808
DALYs from anxiety disorders,Gabon,2019,378.28967
DALYs from anxiety disorders,United Kingdom,2019,424.3838
DALYs from anxiety disorders,Georgia,2019,238.67186
DALYs from anxiety disorders,Ghana,2019,287.82965
DALYs from anxiety disorders,Guinea,2019,319.80295
DALYs from anxiety disorders,Gambia,2019,316.72253
DALYs from anxiety disorders,Guinea-Bissau,2019,295.64886
DALYs from anxiety disorders,Equatorial Guinea,2019,360.8932
DALYs from anxiety disorders,Greece,2019,553.9474
DALYs from anxiety disorders,Grenada,2019,409.09875
DALYs from anxiety disorders,Greenland,2019,459.74368
DALYs from anxiety disorders,Guatemala,2019,406.4585
DALYs from anxiety disorders,Guam,2019,384.94928
DALYs from anxiety disorders,Guyana,2019,414.3309
DALYs from anxiety disorders,Honduras,2019,391.36404
DALYs from anxiety disorders,Croatia,2019,343.2809
DALYs from anxiety disorders,Haiti,2019,438.31476
DALYs from anxiety disorders,Hungary,2019,325.34982
DALYs from anxiety disorders,Indonesia,2019,338.9018
DALYs from anxiety disorders,India,2019,278.50314
DALYs from anxiety disorders,Ireland,2019,661.21454
DALYs from anxiety disorders,Iran,2019,695.7628
DALYs from anxiety disorders,Iraq,2019,510.10797
DALYs from anxiety disorders,Iceland,2019,489.7725
DALYs from anxiety disorders,Israel,2019,359.06854
DALYs from anxiety disorders,Italy,2019,532.10895
DALYs from anxiety disorders,Jamaica,2019,388.20575
DALYs from anxiety disorders,Jordan,2019,475.06412
DALYs from anxiety disorders,Japan,2019,224.86041
DALYs from anxiety disorders,Kazakhstan,2019,202.17244
DALYs from anxiety disorders,Kenya,2019,326.0198
DALYs from anxiety disorders,Kyrgyzstan,2019,197.99797
DALYs from anxiety disorders,Cambodia,2019,436.24686
DALYs from anxiety disorders,Kiribati,2019,388.98743
DALYs from anxiety disorders,Saint Kitts and Nevis,2019,411.93716
DALYs from anxiety disorders,South Korea,2019,310.93314
DALYs from anxiety disorders,Kuwait,2019,442.73688
DALYs from anxiety disorders,Laos,2019,437.10196
DALYs from anxiety disorders,Lebanon,2019,579.4061
DALYs from anxiety disorders,Liberia,2019,332.1068
DALYs from anxiety disorders,Libya,2019,509.66724
DALYs from anxiety disorders,Saint Lucia,2019,410.60846
DALYs from anxiety disorders,Sri Lanka,2019,385.41315
DALYs from anxiety disorders,Lesotho,2019,334.34225
DALYs from anxiety disorders,Lithuania,2019,407.15076
DALYs from anxiety disorders,Luxembourg,2019,505.00296
DALYs from anxiety disorders,Latvia,2019,358.8856
DALYs from anxiety disorders,Morocco,2019,460.46152
DALYs from anxiety disorders,Monaco,2019,526.79407
DALYs from anxiety disorders,Moldova,2019,390.62427
DALYs from anxiety disorders,Madagascar,2019,378.5086
DALYs from anxiety disorders,Maldives,2019,344.0901
DALYs from anxiety disorders,Mexico,2019,335.56158
DALYs from anxiety disorders,Marshall Islands,2019,381.21692
DALYs from anxiety disorders,North Macedonia,2019,343.77505
DALYs from anxiety disorders,Mali,2019,261.37875
DALYs from anxiety disorders,Malta,2019,598.2675
DALYs from anxiety disorders,Myanmar,2019,379.27448
DALYs from anxiety disorders,Montenegro,2019,349.85477
DALYs from anxiety disorders,Mongolia,2019,205.45448
DALYs from anxiety disorders,Northern Mariana Islands,2019,383.37122
DALYs from anxiety disorders,Mozambique,2019,381.51675
DALYs from anxiety disorders,Mauritania,2019,264.3778
DALYs from anxiety disorders,Mauritius,2019,362.9281
DALYs from anxiety disorders,Malawi,2019,366.02643
DALYs from anxiety disorders,Malaysia,2019,439.80783
DALYs from anxiety disorders,Namibia,2019,331.12424
DALYs from anxiety disorders,Niger,2019,284.90048
DALYs from anxiety disorders,Nigeria,2019,285.8011
DALYs from anxiety disorders,Nicaragua,2019,418.06006
DALYs from anxiety disorders,Niue,2019,382.396
DALYs from anxiety disorders,Netherlands,2019,648.31116
DALYs from anxiety disorders,Norway,2019,644.0999
DALYs from anxiety disorders,Nepal,2019,309.5074
DALYs from anxiety disorders,Nauru,2019,386.97192
DALYs from anxiety disorders,New Zealand,2019,691.54395
DALYs from anxiety disorders,Oman,2019,444.1965
DALYs from anxiety disorders,World,2019,360.12097
DALYs from anxiety disorders,Pakistan,2019,328.23407
DALYs from anxiety disorders,Panama,2019,350.81192
DALYs from anxiety disorders,Peru,2019,533.3798
DALYs from anxiety disorders,Philippines,2019,435.027
DALYs from anxiety disorders,Palau,2019,376.1202
DALYs from anxiety disorders,Papua New Guinea,2019,378.75336
DALYs from anxiety disorders,Poland,2019,294.93384
DALYs from anxiety disorders,Puerto Rico,2019,425.1364
DALYs from anxiety disorders,North Korea,2019,348.51056
DALYs from anxiety disorders,Portugal,2019,767.6767
DALYs from anxiety disorders,Paraguay,2019,600.9803
DALYs from anxiety disorders,Palestine,2019,529.1111
DALYs from anxiety disorders,Qatar,2019,410.7429
DALYs from anxiety disorders,Romania,2019,314.76346
DALYs from anxiety disorders,Russia,2019,299.18607
DALYs from anxiety disorders,Rwanda,2019,347.41547
DALYs from anxiety disorders,Saudi Arabia,2019,437.261
DALYs from anxiety disorders,Sudan,2019,455.18668
DALYs from anxiety disorders,Senegal,2019,277.27914
DALYs from anxiety disorders,Singapore,2019,262.66132
DALYs from anxiety disorders,Solomon Islands,2019,383.9438
DALYs from anxiety disorders,Sierra Leone,2019,350.64008
DALYs from anxiety disorders,El Salvador,2019,421.28247
DALYs from anxiety disorders,San Marino,2019,531.01685
DALYs from anxiety disorders,Somalia,2019,310.7463
DALYs from anxiety disorders,Serbia,2019,319.0647
DALYs from anxiety disorders,South Sudan,2019,468.98935
DALYs from anxiety disorders,Sao Tome and Principe,2019,296.67783
DALYs from anxiety disorders,Suriname,2019,393.7075
DALYs from anxiety disorders,Slovakia,2019,327.40146
DALYs from anxiety disorders,Slovenia,2019,324.23
DALYs from anxiety disorders,Sweden,2019,459.72815
DALYs from anxiety disorders,Eswatini,2019,328.2068
DALYs from anxiety disorders,Seychelles,2019,357.41205
DALYs from anxiety disorders,Syria,2019,535.5609
DALYs from anxiety disorders,Chad,2019,322.20352
DALYs from anxiety disorders,Togo,2019,344.09924
DALYs from anxiety disorders,Thailand,2019,326.5251
DALYs from anxiety disorders,Tajikistan,2019,230.98955
DALYs from anxiety disorders,Tokelau,2019,382.42862
DALYs from anxiety disorders,Turkmenistan,2019,225.03067
DALYs from anxiety disorders,East Timor,2019,362.28882
DALYs from anxiety disorders,Tonga,2019,388.79108
DALYs from anxiety disorders,Trinidad and Tobago,2019,369.8041
DALYs from anxiety disorders,Tunisia,2019,497.23267
DALYs from anxiety disorders,Turkey,2019,433.74423
DALYs from anxiety disorders,Tuvalu,2019,382.25226
DALYs from anxiety disorders,Taiwan,2019,354.692
DALYs from anxiety disorders,Tanzania,2019,363.27722
DALYs from anxiety disorders,Uganda,2019,388.74808
DALYs from anxiety disorders,Ukraine,2019,299.75256
DALYs from anxiety disorders,Uruguay,2019,494.1361
DALYs from anxiety disorders,United States,2019,533.5562
DALYs from anxiety disorders,Uzbekistan,2019,194.11256
DALYs from anxiety disorders,Saint Vincent and the Grenadines,2019,410.277
DALYs from anxiety disorders,Venezuela,2019,383.50534
DALYs from anxiety disorders,United States Virgin Islands,2019,418.07587
DALYs from anxiety disorders,Vietnam,2019,220.24388
DALYs from anxiety disorders,Vanuatu,2019,383.61334
DALYs from anxiety disorders,Samoa,2019,384.68683
DALYs from anxiety disorders,Yemen,2019,455.44073
DALYs from anxiety disorders,South Africa,2019,357.19547
DALYs from anxiety disorders,Zambia,2019,375.89227
DALYs from anxiety disorders,Zimbabwe,2019,298.20325
DALYs from bipolar disorder,East Asia & Pacific (WB),2019,57.87442
DALYs from bipolar disorder,Eastern Mediterranean Region (WHO),2019,138.35562
DALYs from bipolar disorder,England,2019,239.4754
DALYs from bipolar disorder,Europe & Central Asia (WB),2019,155.997
DALYs from bipolar disorder,European Region (WHO),2019,156.62009
DALYs from bipolar disorder,G20,2019,97.47197
DALYs from bipolar disorder,High Income (WB),2019,158.68362
DALYs from bipolar disorder,Latin America & Caribbean (WB),2019,209.7309
DALYs from bipolar disorder,Low Income (WB),2019,118.9031
DALYs from bipolar disorder,Lower Middle Income (WB),2019,89.70144
DALYs from bipolar disorder,Middle East & North Africa (WB),2019,164.76611
DALYs from bipolar disorder,Middle Income (WB),2019,98.79087
DALYs from bipolar disorder,North America (WB),2019,132.01122
DALYs from bipolar disorder,Northern Ireland,2019,243.79855
DALYs from bipolar disorder,OECD Countries,2019,165.26898
DALYs from bipolar disorder,Region of the Americas (WHO),2019,181.90427
DALYs from bipolar disorder,Scotland,2019,195.40761
DALYs from bipolar disorder,South Asia (WB),2019,78.10459
DALYs from bipolar disorder,South-East Asia Region (WHO),2019,74.50426
DALYs from bipolar disorder,Sub-Saharan Africa (WB),2019,123.03377
DALYs from bipolar disorder,Wales,2019,193.26585
DALYs from bipolar disorder,Western Pacific Region (WHO),2019,55.75972
DALYs from bipolar disorder,Angola,2019,119.01723
DALYs from bipolar disorder,United Arab Emirates,2019,163.0362
DALYs from bipolar disorder,Argentina,2019,225.17241
DALYs from bipolar disorder,Armenia,2019,117.56188
DALYs from bipolar disorder,Antigua and Barbuda,2019,204.71199
DALYs from bipolar disorder,Australia,2019,242.07814
DALYs from bipolar disorder,Austria,2019,193.48299
DALYs from bipolar disorder,Azerbaijan,2019,113.528145
DALYs from bipolar disorder,Burundi,2019,123.836136
DALYs from bipolar disorder,Belgium,2019,193.01605
DALYs from bipolar disorder,Benin,2019,117.99786
DALYs from bipolar disorder,Burkina Faso,2019,115.881874
DALYs from bipolar disorder,Bangladesh,2019,83.65889
DALYs from bipolar disorder,Bulgaria,2019,101.005745
DALYs from bipolar disorder,Bahrain,2019,168.85402
DALYs from bipolar disorder,Bahamas,2019,195.08301
DALYs from bipolar disorder,Bosnia and Herzegovina,2019,118.46757
DALYs from bipolar disorder,Belarus,2019,112.823784
DALYs from bipolar disorder,Belize,2019,196.79114
DALYs from bipolar disorder,Bermuda,2019,213.05368
DALYs from bipolar disorder,Bolivia,2019,192.41281
DALYs from bipolar disorder,Brazil,2019,239.5269
DALYs from bipolar disorder,Barbados,2019,202.5276
DALYs from bipolar disorder,Brunei,2019,131.40211
DALYs from bipolar disorder,Bhutan,2019,84.297745
DALYs from bipolar disorder,Botswana,2019,115.02767
DALYs from bipolar disorder,Central African Republic,2019,112.88923
DALYs from bipolar disorder,Canada,2019,174.40617
DALYs from bipolar disorder,Switzerland,2019,202.4897
DALYs from bipolar disorder,Chile,2019,215.13377
DALYs from bipolar disorder,China,2019,39.63712
DALYs from bipolar disorder,Cote d'Ivoire,2019,114.53062
DALYs from bipolar disorder,Cameroon,2019,115.08518
DALYs from bipolar disorder,Democratic Republic of Congo,2019,118.94087
DALYs from bipolar disorder,Congo,2019,116.9855
DALYs from bipolar disorder,Cook Islands,2019,60.458645
DALYs from bipolar disorder,Colombia,2019,160.69984
DALYs from bipolar disorder,Comoros,2019,131.70442
DALYs from bipolar disorder,Cape Verde,2019,125.369354
DALYs from bipolar disorder,Costa Rica,2019,189.56941
DALYs from bipolar disorder,Cuba,2019,205.79816
DALYs from bipolar disorder,Cyprus,2019,196.1184
DALYs from bipolar disorder,Czechia,2019,118.0023
DALYs from bipolar disorder,Germany,2019,160.14557
DALYs from bipolar disorder,Djibouti,2019,131.45888
DALYs from bipolar disorder,Dominica,2019,195.00146
DALYs from bipolar disorder,Denmark,2019,202.26764
DALYs from bipolar disorder,Dominican Republic,2019,197.64253
DALYs from bipolar disorder,Ecuador,2019,197.10313
DALYs from bipolar disorder,Egypt,2019,156.85898
DALYs from bipolar disorder,Eritrea,2019,125.30039
DALYs from bipolar disorder,Spain,2019,199.39117
DALYs from bipolar disorder,Estonia,2019,113.21128
DALYs from bipolar disorder,Ethiopia,2019,132.55504
DALYs from bipolar disorder,Finland,2019,191.22415
DALYs from bipolar disorder,Fiji,2019,58.63805
DALYs from bipolar disorder,France,2019,194.77293
DALYs from bipolar disorder,Micronesia (country),2019,56.650066
DALYs from bipolar disorder,Gabon,2019,120.37192
DALYs from bipolar disorder,United Kingdom,2019,233.84099
DALYs from bipolar disorder,Georgia,2019,113.57591
DALYs from bipolar disorder,Ghana,2019,117.51619
DALYs from bipolar disorder,Guinea,2019,116.028885
DALYs from bipolar disorder,Gambia,2019,118.07408
DALYs from bipolar disorder,Guinea-Bissau,2019,113.25198
DALYs from bipolar disorder,Equatorial Guinea,2019,118.50275
DALYs from bipolar disorder,Greece,2019,195.079
DALYs from bipolar disorder,Grenada,2019,198.7741
DALYs from bipolar disorder,Greenland,2019,139.01001
DALYs from bipolar disorder,Guatemala,2019,172.62886
DALYs from bipolar disorder,Guam,2019,61.5382
DALYs from bipolar disorder,Guyana,2019,186.35129
DALYs from bipolar disorder,Honduras,2019,175.82936
DALYs from bipolar disorder,Croatia,2019,117.81217
DALYs from bipolar disorder,Haiti,2019,180.9449
DALYs from bipolar disorder,Hungary,2019,116.37727
DALYs from bipolar disorder,Indonesia,2019,71.24943
DALYs from bipolar disorder,India,2019,75.254654
DALYs from bipolar disorder,Ireland,2019,150.4242
DALYs from bipolar disorder,Iran,2019,175.84076
DALYs from bipolar disorder,Iraq,2019,145.29636
DALYs from bipolar disorder,Iceland,2019,195.8051
DALYs from bipolar disorder,Israel,2019,227.08182
DALYs from bipolar disorder,Italy,2019,191.76006
DALYs from bipolar disorder,Jamaica,2019,204.77824
DALYs from bipolar disorder,Jordan,2019,169.6371
DALYs from bipolar disorder,Japan,2019,140.43578
DALYs from bipolar disorder,Kazakhstan,2019,109.6311
DALYs from bipolar disorder,Kenya,2019,129.566
DALYs from bipolar disorder,Kyrgyzstan,2019,112.12632
DALYs from bipolar disorder,Cambodia,2019,68.494514
DALYs from bipolar disorder,Kiribati,2019,54.997856
DALYs from bipolar disorder,Saint Kitts and Nevis,2019,197.0199
DALYs from bipolar disorder,South Korea,2019,109.01052
DALYs from bipolar disorder,Kuwait,2019,175.30579
DALYs from bipolar disorder,Laos,2019,70.24087
DALYs from bipolar disorder,Lebanon,2019,203.00905
DALYs from bipolar disorder,Liberia,2019,115.60084
DALYs from bipolar disorder,Libya,2019,165.78183
DALYs from bipolar disorder,Saint Lucia,2019,199.72354
DALYs from bipolar disorder,Sri Lanka,2019,72.30974
DALYs from bipolar disorder,Lesotho,2019,112.71994
DALYs from bipolar disorder,Lithuania,2019,112.60585
DALYs from bipolar disorder,Luxembourg,2019,192.58974
DALYs from bipolar disorder,Latvia,2019,112.445526
DALYs from bipolar disorder,Morocco,2019,160.63202
DALYs from bipolar disorder,Monaco,2019,193.573
DALYs from bipolar disorder,Moldova,2019,112.205925
DALYs from bipolar disorder,Madagascar,2019,129.03984
DALYs from bipolar disorder,Maldives,2019,73.70553
DALYs from bipolar disorder,Mexico,2019,197.74222
DALYs from bipolar disorder,Marshall Islands,2019,56.823063
DALYs from bipolar disorder,North Macedonia,2019,117.39422
DALYs from bipolar disorder,Mali,2019,117.23054
DALYs from bipolar disorder,Malta,2019,196.04474
DALYs from bipolar disorder,Myanmar,2019,68.31429
DALYs from bipolar disorder,Montenegro,2019,117.18692
DALYs from bipolar disorder,Mongolia,2019,108.381454
DALYs from bipolar disorder,Northern Mariana Islands,2019,60.414482
DALYs from bipolar disorder,Mozambique,2019,123.32685
DALYs from bipolar disorder,Mauritania,2019,120.61855
DALYs from bipolar disorder,Mauritius,2019,72.519394
DALYs from bipolar disorder,Malawi,2019,124.23833
DALYs from bipolar disorder,Malaysia,2019,73.32001
DALYs from bipolar disorder,Namibia,2019,118.36268
DALYs from bipolar disorder,Niger,2019,117.581535
DALYs from bipolar disorder,Nigeria,2019,119.29514
DALYs from bipolar disorder,Nicaragua,2019,184.63379
DALYs from bipolar disorder,Niue,2019,58.881645
DALYs from bipolar disorder,Netherlands,2019,170.14058
DALYs from bipolar disorder,Norway,2019,177.81323
DALYs from bipolar disorder,Nepal,2019,82.25667
DALYs from bipolar disorder,Nauru,2019,56.059853
DALYs from bipolar disorder,New Zealand,2019,324.1498
DALYs from bipolar disorder,Oman,2019,148.78291
DALYs from bipolar disorder,World,2019,105.43025
DALYs from bipolar disorder,Pakistan,2019,82.95703
DALYs from bipolar disorder,Panama,2019,184.08081
DALYs from bipolar disorder,Peru,2019,200.12778
DALYs from bipolar disorder,Philippines,2019,72.497185
DALYs from bipolar disorder,Palau,2019,57.847576
DALYs from bipolar disorder,Papua New Guinea,2019,56.421364
DALYs from bipolar disorder,Poland,2019,119.17852
DALYs from bipolar disorder,Puerto Rico,2019,205.10939
DALYs from bipolar disorder,North Korea,2019,39.635036
DALYs from bipolar disorder,Portugal,2019,187.63242
DALYs from bipolar disorder,Paraguay,2019,235.76422
DALYs from bipolar disorder,Palestine,2019,169.31648
DALYs from bipolar disorder,Qatar,2019,161.1792
DALYs from bipolar disorder,Romania,2019,138.33473
DALYs from bipolar disorder,Russia,2019,110.7597
DALYs from bipolar disorder,Rwanda,2019,126.66572
DALYs from bipolar disorder,Saudi Arabia,2019,164.40778
DALYs from bipolar disorder,Sudan,2019,157.95877
DALYs from bipolar disorder,Senegal,2019,119.264915
DALYs from bipolar disorder,Singapore,2019,157.69836
DALYs from bipolar disorder,Solomon Islands,2019,54.66483
DALYs from bipolar disorder,Sierra Leone,2019,116.09445
DALYs from bipolar disorder,El Salvador,2019,178.40106
DALYs from bipolar disorder,San Marino,2019,197.6637
DALYs from bipolar disorder,Somalia,2019,125.096146
DALYs from bipolar disorder,Serbia,2019,116.932556
DALYs from bipolar disorder,South Sudan,2019,129.92403
DALYs from bipolar disorder,Sao Tome and Principe,2019,122.307
DALYs from bipolar disorder,Suriname,2019,193.14304
DALYs from bipolar disorder,Slovakia,2019,117.38398
DALYs from bipolar disorder,Slovenia,2019,118.329994
DALYs from bipolar disorder,Sweden,2019,209.96623
DALYs from bipolar disorder,Eswatini,2019,113.30096
DALYs from bipolar disorder,Seychelles,2019,72.18231
DALYs from bipolar disorder,Syria,2019,166.255
DALYs from bipolar disorder,Chad,2019,115.67919
DALYs from bipolar disorder,Togo,2019,116.47724
DALYs from bipolar disorder,Thailand,2019,71.50412
DALYs from bipolar disorder,Tajikistan,2019,112.11625
DALYs from bipolar disorder,Tokelau,2019,59.148365
DALYs from bipolar disorder,Turkmenistan,2019,110.058975
DALYs from bipolar disorder,East Timor,2019,67.93627
DALYs from bipolar disorder,Tonga,2019,60.798748
DALYs from bipolar disorder,Trinidad and Tobago,2019,196.5508
DALYs from bipolar disorder,Tunisia,2019,170.53842
DALYs from bipolar disorder,Turkey,2019,172.22185
DALYs from bipolar disorder,Tuvalu,2019,57.401867
DALYs from bipolar disorder,Taiwan,2019,42.222954
DALYs from bipolar disorder,Tanzania,2019,127.39958
DALYs from bipolar disorder,Uganda,2019,125.140594
DALYs from bipolar disorder,Ukraine,2019,112.4573
DALYs from bipolar disorder,Uruguay,2019,213.15901
DALYs from bipolar disorder,United States,2019,127.41404
DALYs from bipolar disorder,Uzbekistan,2019,110.99758
DALYs from bipolar disorder,Saint Vincent and the Grenadines,2019,196.48335
DALYs from bipolar disorder,Venezuela,2019,180.13118
DALYs from bipolar disorder,United States Virgin Islands,2019,199.2274
DALYs from bipolar disorder,Vietnam,2019,73.04614
DALYs from bipolar disorder,Vanuatu,2019,57.128426
DALYs from bipolar disorder,Samoa,2019,59.11048
DALYs from bipolar disorder,Yemen,2019,155.4427
DALYs from bipolar disorder,South Africa,2019,118.4595
DALYs from bipolar disorder,Zambia,2019,122.78834
DALYs from bipolar disorder,Zimbabwe,2019,115.38145
DALYs from depressive disorders,East Asia & Pacific (WB),2019,411.8415
DALYs from depressive disorders,Eastern Mediterranean Region (WHO),2019,760.52686
DALYs from depressive disorders,England,2019,722.04456
DALYs from depressive disorders,Europe & Central Asia (WB),2019,604.4892
DALYs from depressive disorders,European Region (WHO),2019,605.2331
DALYs from depressive disorders,G20,2019,537.69495
DALYs from depressive disorders,High Income (WB),2019,639.9786
DALYs from depressive disorders,Latin America & Caribbean (WB),2019,595.2236
DALYs from depressive disorders,Low Income (WB),2019,812.2353
DALYs from depressive disorders,Lower Middle Income (WB),2019,605.9419
DALYs from depressive disorders,Middle East & North Africa (WB),2019,790.76013
DALYs from depressive disorders,Middle Income (WB),2019,512.6989
DALYs from depressive disorders,North America (WB),2019,753.68634
DALYs from depressive disorders,Northern Ireland,2019,760.8424
DALYs from depressive disorders,OECD Countries,2019,641.5173
DALYs from depressive disorders,Region of the Americas (WHO),2019,638.3914
DALYs from depressive disorders,Scotland,2019,691.9668
DALYs from depressive disorders,South Asia (WB),2019,646.4416
DALYs from depressive disorders,South-East Asia Region (WHO),2019,576.89874
DALYs from depressive disorders,Sub-Saharan Africa (WB),2019,786.1775
DALYs from depressive disorders,Wales,2019,737.67554
DALYs from depressive disorders,Western Pacific Region (WHO),2019,418.75793
DALYs from depressive disorders,Angola,2019,1046.8824
DALYs from depressive disorders,United Arab Emirates,2019,628.6291
DALYs from depressive disorders,Argentina,2019,429.61588
DALYs from depressive disorders,Armenia,2019,492.7479
DALYs from depressive disorders,Antigua and Barbuda,2019,524.05865
DALYs from depressive disorders,Australia,2019,798.7173
DALYs from depressive disorders,Austria,2019,523.2631
DALYs from depressive disorders,Azerbaijan,2019,445.10825
DALYs from depressive disorders,Burundi,2019,811.356
DALYs from depressive disorders,Belgium,2019,619.5705
DALYs from depressive disorders,Benin,2019,772.87683
DALYs from depressive disorders,Burkina Faso,2019,757.652
DALYs from depressive disorders,Bangladesh,2019,822.1981
DALYs from depressive disorders,Bulgaria,2019,431.78638
DALYs from depressive disorders,Bahrain,2019,823.25116
DALYs from depressive disorders,Bahamas,2019,531.3213
DALYs from depressive disorders,Bosnia and Herzegovina,2019,445.30902
DALYs from depressive disorders,Belarus,2019,668.0858
DALYs from depressive disorders,Belize,2019,583.7452
DALYs from depressive disorders,Bermuda,2019,558.2398
DALYs from depressive disorders,Bolivia,2019,600.0662
DALYs from depressive disorders,Brazil,2019,686.55817
DALYs from depressive disorders,Barbados,2019,556.71906
DALYs from depressive disorders,Brunei,2019,260.28622
DALYs from depressive disorders,Bhutan,2019,696.86163
DALYs from depressive disorders,Botswana,2019,721.8574
DALYs from depressive disorders,Central African Republic,2019,1078.6921
DALYs from depressive disorders,Canada,2019,556.0068
DALYs from depressive disorders,Switzerland,2019,635.3109
DALYs from depressive disorders,Chile,2019,677.5856
DALYs from depressive disorders,China,2019,416.94873
DALYs from depressive disorders,Cote d'Ivoire,2019,664.3284
DALYs from depressive disorders,Cameroon,2019,803.687
DALYs from depressive disorders,Democratic Republic of Congo,2019,979.4431
DALYs from depressive disorders,Congo,2019,999.47705
DALYs from depressive disorders,Cook Islands,2019,500.36807
DALYs from depressive disorders,Colombia,2019,366.74728
DALYs from depressive disorders,Comoros,2019,724.82367
DALYs from depressive disorders,Cape Verde,2019,861.724
DALYs from depressive disorders,Costa Rica,2019,568.7637
DALYs from depressive disorders,Cuba,2019,684.9164
DALYs from depressive disorders,Cyprus,2019,521.44666
DALYs from depressive disorders,Czechia,2019,469.21088
DALYs from depressive disorders,Germany,2019,583.5697
DALYs from depressive disorders,Djibouti,2019,769.69653
DALYs from depressive disorders,Dominica,2019,535.45013
DALYs from depressive disorders,Denmark,2019,597.09955
DALYs from depressive disorders,Dominican Republic,2019,691.10175
DALYs from depressive disorders,Ecuador,2019,588.5183
DALYs from depressive disorders,Egypt,2019,696.6078
DALYs from depressive disorders,Eritrea,2019,840.27264
DALYs from depressive disorders,Spain,2019,854.19666
DALYs from depressive disorders,Estonia,2019,639.97504
DALYs from depressive disorders,Ethiopia,2019,808.7015
DALYs from depressive disorders,Finland,2019,722.902
DALYs from depressive disorders,Fiji,2019,448.39
DALYs from depressive disorders,France,2019,673.52576
DALYs from depressive disorders,Micronesia (country),2019,448.35782
DALYs from depressive disorders,Gabon,2019,1001.9402
DALYs from depressive disorders,United Kingdom,2019,721.29236
DALYs from depressive disorders,Georgia,2019,561.3586
DALYs from depressive disorders,Ghana,2019,754.258
DALYs from depressive disorders,Guinea,2019,756.12463
DALYs from depressive disorders,Gambia,2019,994.1932
DALYs from depressive disorders,Guinea-Bissau,2019,780.0025
DALYs from depressive disorders,Equatorial Guinea,2019,1041.5941
DALYs from depressive disorders,Greece,2019,927.75476
DALYs from depressive disorders,Grenada,2019,567.0778
DALYs from depressive disorders,Greenland,2019,1098.6917
DALYs from depressive disorders,Guatemala,2019,658.2619
DALYs from depressive disorders,Guam,2019,513.9477
DALYs from depressive disorders,Guyana,2019,915.4424
DALYs from depressive disorders,Honduras,2019,552.37646
DALYs from depressive disorders,Croatia,2019,495.59067
DALYs from depressive disorders,Haiti,2019,644.38586
DALYs from depressive disorders,Hungary,2019,458.06262
DALYs from depressive disorders,Indonesia,2019,350.2642
DALYs from depressive disorders,India,2019,616.13
DALYs from depressive disorders,Ireland,2019,749.2043
DALYs from depressive disorders,Iran,2019,890.32446
DALYs from depressive disorders,Iraq,2019,690.8722
DALYs from depressive disorders,Iceland,2019,485.75662
DALYs from depressive disorders,Israel,2019,734.18823
DALYs from depressive disorders,Italy,2019,620.3782
DALYs from depressive disorders,Jamaica,2019,532.1288
DALYs from depressive disorders,Jordan,2019,743.532
DALYs from depressive disorders,Japan,2019,373.8522
DALYs from depressive disorders,Kazakhstan,2019,586.6018
DALYs from depressive disorders,Kenya,2019,820.19635
DALYs from depressive disorders,Kyrgyzstan,2019,577.76697
DALYs from depressive disorders,Cambodia,2019,456.35535
DALYs from depressive disorders,Kiribati,2019,457.4796
DALYs from depressive disorders,Saint Kitts and Nevis,2019,711.2915
DALYs from depressive disorders,South Korea,2019,357.63556
DALYs from depressive disorders,Kuwait,2019,723.94696
DALYs from depressive disorders,Laos,2019,417.5355
DALYs from depressive disorders,Lebanon,2019,842.0057
DALYs from depressive disorders,Liberia,2019,786.62244
DALYs from depressive disorders,Libya,2019,791.4714
DALYs from depressive disorders,Saint Lucia,2019,582.3665
DALYs from depressive disorders,Sri Lanka,2019,440.8701
DALYs from depressive disorders,Lesotho,2019,979.28174
DALYs from depressive disorders,Lithuania,2019,702.435
DALYs from depressive disorders,Luxembourg,2019,542.15045
DALYs from depressive disorders,Latvia,2019,650.91736
DALYs from depressive disorders,Morocco,2019,934.5825
DALYs from depressive disorders,Monaco,2019,719.1517
DALYs from depressive disorders,Moldova,2019,540.8286
DALYs from depressive disorders,Madagascar,2019,823.2693
DALYs from depressive disorders,Maldives,2019,459.45132
DALYs from depressive disorders,Mexico,2019,630.57764
DALYs from depressive disorders,Marshall Islands,2019,442.73434
DALYs from depressive disorders,North Macedonia,2019,406.8021
DALYs from depressive disorders,Mali,2019,583.2502
DALYs from depressive disorders,Malta,2019,525.511
DALYs from depressive disorders,Myanmar,2019,298.18686
DALYs from depressive disorders,Montenegro,2019,458.3942
DALYs from depressive disorders,Mongolia,2019,700.2731
DALYs from depressive disorders,Northern Mariana Islands,2019,424.8915
DALYs from depressive disorders,Mozambique,2019,865.3616
DALYs from depressive disorders,Mauritania,2019,609.07904
DALYs from depressive disorders,Mauritius,2019,636.81433
DALYs from depressive disorders,Malawi,2019,684.9063
DALYs from depressive disorders,Malaysia,2019,611.6648
DALYs from depressive disorders,Namibia,2019,592.73083
DALYs from depressive disorders,Niger,2019,730.0042
DALYs from depressive disorders,Nigeria,2019,639.5516
DALYs from depressive disorders,Nicaragua,2019,576.9309
DALYs from depressive disorders,Niue,2019,495.43948
DALYs from depressive disorders,Netherlands,2019,616.81335
DALYs from depressive disorders,Norway,2019,552.05084
DALYs from depressive disorders,Nepal,2019,874.04456
DALYs from depressive disorders,Nauru,2019,497.94717
DALYs from depressive disorders,New Zealand,2019,658.14215
DALYs from depressive disorders,Oman,2019,707.796
DALYs from depressive disorders,World,2019,577.74695
DALYs from depressive disorders,Pakistan,2019,678.266
DALYs from depressive disorders,Panama,2019,510.9937
DALYs from depressive disorders,Peru,2019,355.2181
DALYs from depressive disorders,Philippines,2019,424.69357
DALYs from depressive disorders,Palau,2019,488.6608
DALYs from depressive disorders,Papua New Guinea,2019,481.89618
DALYs from depressive disorders,Poland,2019,349.13345
DALYs from depressive disorders,Puerto Rico,2019,493.66272
DALYs from depressive disorders,North Korea,2019,401.11148
DALYs from depressive disorders,Portugal,2019,787.1518
DALYs from depressive disorders,Paraguay,2019,663.8952
DALYs from depressive disorders,Palestine,2019,1168.6812
DALYs from depressive disorders,Qatar,2019,708.3772
DALYs from depressive disorders,Romania,2019,424.43875
DALYs from depressive disorders,Russia,2019,513.0767
DALYs from depressive disorders,Rwanda,2019,894.7885
DALYs from depressive disorders,Saudi Arabia,2019,748.7056
DALYs from depressive disorders,Sudan,2019,797.85693
DALYs from depressive disorders,Senegal,2019,683.3914
DALYs from depressive disorders,Singapore,2019,355.21646
DALYs from depressive disorders,Solomon Islands,2019,468.57394
DALYs from depressive disorders,Sierra Leone,2019,760.3615
DALYs from depressive disorders,El Salvador,2019,607.14453
DALYs from depressive disorders,San Marino,2019,726.7098
DALYs from depressive disorders,Somalia,2019,842.24835
DALYs from depressive disorders,Serbia,2019,456.63318
DALYs from depressive disorders,South Sudan,2019,812.59125
DALYs from depressive disorders,Sao Tome and Principe,2019,620.8863
DALYs from depressive disorders,Suriname,2019,869.92535
DALYs from depressive disorders,Slovakia,2019,432.43103
DALYs from depressive disorders,Slovenia,2019,519.806
DALYs from depressive disorders,Sweden,2019,728.2468
DALYs from depressive disorders,Eswatini,2019,752.9645
DALYs from depressive disorders,Seychelles,2019,396.9893
DALYs from depressive disorders,Syria,2019,731.2494
DALYs from depressive disorders,Chad,2019,915.29114
DALYs from depressive disorders,Togo,2019,783.32574
DALYs from depressive disorders,Thailand,2019,438.0736
DALYs from depressive disorders,Tajikistan,2019,459.0753
DALYs from depressive disorders,Tokelau,2019,494.85623
DALYs from depressive disorders,Turkmenistan,2019,508.89328
DALYs from depressive disorders,East Timor,2019,427.70523
DALYs from depressive disorders,Tonga,2019,404.09464
DALYs from depressive disorders,Trinidad and Tobago,2019,691.4384
DALYs from depressive disorders,Tunisia,2019,930.1461
DALYs from depressive disorders,Turkey,2019,696.29266
DALYs from depressive disorders,Tuvalu,2019,494.9349
DALYs from depressive disorders,Taiwan,2019,378.7589
DALYs from depressive disorders,Tanzania,2019,802.2688
DALYs from depressive disorders,Uganda,2019,1212.0945
DALYs from depressive disorders,Ukraine,2019,683.4211
DALYs from depressive disorders,Uruguay,2019,508.78702
DALYs from depressive disorders,United States,2019,774.97437
DALYs from depressive disorders,Uzbekistan,2019,530.95215
DALYs from depressive disorders,Saint Vincent and the Grenadines,2019,594.3808
DALYs from depressive disorders,Venezuela,2019,568.5661
DALYs from depressive disorders,United States Virgin Islands,2019,593.11206
DALYs from depressive disorders,Vietnam,2019,360.2322
DALYs from depressive disorders,Vanuatu,2019,462.557
DALYs from depressive disorders,Samoa,2019,428.02985
DALYs from depressive disorders,Yemen,2019,890.9882
DALYs from depressive disorders,South Africa,2019,733.9973
DALYs from depressive disorders,Zambia,2019,708.9351
DALYs from depressive disorders,Zimbabwe,2019,544.5316
DALYs from eating disorders,East Asia & Pacific (WB),2019,29.96269
DALYs from eating disorders,Eastern Mediterranean Region (WHO),2019,37.53447
DALYs from eating disorders,England,2019,91.05533
DALYs from eating disorders,Europe & Central Asia (WB),2019,65.2077
DALYs from eating disorders,European Region (WHO),2019,65.312454
DALYs from eating disorders,G20,2019,41.67404
DALYs from eating disorders,High Income (WB),2019,88.974815
DALYs from eating disorders,Latin America & Caribbean (WB),2019,51.551956
DALYs from eating disorders,Low Income (WB),2019,19.201748
DALYs from eating disorders,Lower Middle Income (WB),2019,27.089489
DALYs from eating disorders,Middle East & North Africa (WB),2019,46.827393
DALYs from eating disorders,Middle Income (WB),2019,35.371906
DALYs from eating disorders,North America (WB),2019,89.65467
DALYs from eating disorders,Northern Ireland,2019,89.75031
DALYs from eating disorders,OECD Countries,2019,85.341446
DALYs from eating disorders,Region of the Americas (WHO),2019,63.81113
DALYs from eating disorders,Scotland,2019,86.65554
DALYs from eating disorders,South Asia (WB),2019,26.934689
DALYs from eating disorders,South-East Asia Region (WHO),2019,26.405592
DALYs from eating disorders,Sub-Saharan Africa (WB),2019,23.081104
DALYs from eating disorders,Wales,2019,87.882324
DALYs from eating disorders,Western Pacific Region (WHO),2019,31.507093
DALYs from eating disorders,Angola,2019,29.0103
DALYs from eating disorders,United Arab Emirates,2019,64.13655
DALYs from eating disorders,Argentina,2019,70.74922
DALYs from eating disorders,Armenia,2019,27.125288
DALYs from eating disorders,Antigua and Barbuda,2019,57.66441
DALYs from eating disorders,Australia,2019,218.70439
DALYs from eating disorders,Austria,2019,121.656265
DALYs from eating disorders,Azerbaijan,2019,30.906233
DALYs from eating disorders,Burundi,2019,15.21377
DALYs from eating disorders,Belgium,2019,93.59866
DALYs from eating disorders,Benin,2019,21.280617
DALYs from eating disorders,Burkina Faso,2019,19.86498
DALYs from eating disorders,Bangladesh,2019,24.672476
DALYs from eating disorders,Bulgaria,2019,33.562973
DALYs from eating disorders,Bahrain,2019,61.88353
DALYs from eating disorders,Bahamas,2019,62.05504
DALYs from eating disorders,Bosnia and Herzegovina,2019,29.370783
DALYs from eating disorders,Belarus,2019,28.878674
DALYs from eating disorders,Belize,2019,41.74857
DALYs from eating disorders,Bermuda,2019,78.34156
DALYs from eating disorders,Bolivia,2019,50.45538
DALYs from eating disorders,Brazil,2019,49.264797
DALYs from eating disorders,Barbados,2019,51.197838
DALYs from eating disorders,Brunei,2019,92.2495
DALYs from eating disorders,Bhutan,2019,30.64162
DALYs from eating disorders,Botswana,2019,37.603317
DALYs from eating disorders,Central African Republic,2019,15.274811
DALYs from eating disorders,Canada,2019,91.604485
DALYs from eating disorders,Switzerland,2019,107.11581
DALYs from eating disorders,Chile,2019,76.24141
DALYs from eating disorders,China,2019,24.539595
DALYs from eating disorders,Cote d'Ivoire,2019,24.407978
DALYs from eating disorders,Cameroon,2019,23.95284
DALYs from eating disorders,Democratic Republic of Congo,2019,15.986705
DALYs from eating disorders,Congo,2019,27.456446
DALYs from eating disorders,Cook Islands,2019,33.49767
DALYs from eating disorders,Colombia,2019,47.176605
DALYs from eating disorders,Comoros,2019,19.213802
DALYs from eating disorders,Cape Verde,2019,29.379734
DALYs from eating disorders,Costa Rica,2019,50.558132
DALYs from eating disorders,Cuba,2019,40.871693
DALYs from eating disorders,Cyprus,2019,86.592476
DALYs from eating disorders,Czechia,2019,41.344498
DALYs from eating disorders,Germany,2019,91.84972
DALYs from eating disorders,Djibouti,2019,23.644262
DALYs from eating disorders,Dominica,2019,43.83957
DALYs from eating disorders,Denmark,2019,100.18259
DALYs from eating disorders,Dominican Republic,2019,48.910603
DALYs from eating disorders,Ecuador,2019,60.3905
DALYs from eating disorders,Egypt,2019,42.358566
DALYs from eating disorders,Eritrea,2019,18.802757
DALYs from eating disorders,Spain,2019,125.413765
DALYs from eating disorders,Estonia,2019,37.601204
DALYs from eating disorders,Ethiopia,2019,18.469007
DALYs from eating disorders,Finland,2019,102.465935
DALYs from eating disorders,Fiji,2019,22.640697
DALYs from eating disorders,France,2019,100.47292
DALYs from eating disorders,Micronesia (country),2019,17.253693
DALYs from eating disorders,Gabon,2019,38.64514
DALYs from eating disorders,United Kingdom,2019,90.533035
DALYs from eating disorders,Georgia,2019,27.402382
DALYs from eating disorders,Ghana,2019,25.218935
DALYs from eating disorders,Guinea,2019,20.000965
DALYs from eating disorders,Gambia,2019,19.852236
DALYs from eating disorders,Guinea-Bissau,2019,18.8963
DALYs from eating disorders,Equatorial Guinea,2019,44.708374
DALYs from eating disorders,Greece,2019,91.78014
DALYs from eating disorders,Grenada,2019,47.534424
DALYs from eating disorders,Greenland,2019,105.76942
DALYs from eating disorders,Guatemala,2019,39.723637
DALYs from eating disorders,Guam,2019,39.115543
DALYs from eating disorders,Guyana,2019,39.639538
DALYs from eating disorders,Honduras,2019,35.698673
DALYs from eating disorders,Croatia,2019,36.482346
DALYs from eating disorders,Haiti,2019,25.830563
DALYs from eating disorders,Hungary,2019,39.47594
DALYs from eating disorders,Indonesia,2019,23.919266
DALYs from eating disorders,India,2019,27.497412
DALYs from eating disorders,Ireland,2019,96.49427
DALYs from eating disorders,Iran,2019,53.944305
DALYs from eating disorders,Iraq,2019,44.165936
DALYs from eating disorders,Iceland,2019,96.61506
DALYs from eating disorders,Israel,2019,82.20014
DALYs from eating disorders,Italy,2019,115.64655
DALYs from eating disorders,Jamaica,2019,41.092247
DALYs from eating disorders,Jordan,2019,41.203175
DALYs from eating disorders,Japan,2019,85.67782
DALYs from eating disorders,Kazakhstan,2019,34.96742
DALYs from eating disorders,Kenya,2019,22.940166
DALYs from eating disorders,Kyrgyzstan,2019,20.144735
DALYs from eating disorders,Cambodia,2019,18.154089
DALYs from eating disorders,Kiribati,2019,14.950806
DALYs from eating disorders,Saint Kitts and Nevis,2019,61.260265
DALYs from eating disorders,South Korea,2019,75.31843
DALYs from eating disorders,Kuwait,2019,74.04555
DALYs from eating disorders,Laos,2019,21.286186
DALYs from eating disorders,Lebanon,2019,47.663963
DALYs from eating disorders,Liberia,2019,16.278492
DALYs from eating disorders,Libya,2019,42.623726
DALYs from eating disorders,Saint Lucia,2019,46.612297
DALYs from eating disorders,Sri Lanka,2019,25.841389
DALYs from eating disorders,Lesotho,2019,22.839012
DALYs from eating disorders,Lithuania,2019,37.067364
DALYs from eating disorders,Luxembourg,2019,122.127884
DALYs from eating disorders,Latvia,2019,35.727215
DALYs from eating disorders,Morocco,2019,39.536774
DALYs from eating disorders,Monaco,2019,184.88684
DALYs from eating disorders,Moldova,2019,24.426199
DALYs from eating disorders,Madagascar,2019,18.570667
DALYs from eating disorders,Maldives,2019,26.274586
DALYs from eating disorders,Mexico,2019,51.58207
DALYs from eating disorders,Marshall Islands,2019,17.779163
DALYs from eating disorders,North Macedonia,2019,30.507004
DALYs from eating disorders,Mali,2019,19.916794
DALYs from eating disorders,Malta,2019,90.18078
DALYs from eating disorders,Myanmar,2019,20.625309
DALYs from eating disorders,Montenegro,2019,33.21832
DALYs from eating disorders,Mongolia,2019,28.54045
DALYs from eating disorders,Northern Mariana Islands,2019,32.328724
DALYs from eating disorders,Mozambique,2019,17.854473
DALYs from eating disorders,Mauritania,2019,24.365778
DALYs from eating disorders,Mauritius,2019,29.744638
DALYs from eating disorders,Malawi,2019,17.069988
DALYs from eating disorders,Malaysia,2019,32.365715
DALYs from eating disorders,Namibia,2019,34.071205
DALYs from eating disorders,Niger,2019,16.98439
DALYs from eating disorders,Nigeria,2019,27.551727
DALYs from eating disorders,Nicaragua,2019,35.45871
DALYs from eating disorders,Niue,2019,25.283674
DALYs from eating disorders,Netherlands,2019,83.7269
DALYs from eating disorders,Norway,2019,101.13806
DALYs from eating disorders,Nepal,2019,22.053959
DALYs from eating disorders,Nauru,2019,23.991028
DALYs from eating disorders,New Zealand,2019,127.375534
DALYs from eating disorders,Oman,2019,56.599567
DALYs from eating disorders,World,2019,37.189297
DALYs from eating disorders,Pakistan,2019,25.903376
DALYs from eating disorders,Panama,2019,60.87169
DALYs from eating disorders,Peru,2019,63.22947
DALYs from eating disorders,Philippines,2019,22.555529
DALYs from eating disorders,Palau,2019,25.642654
DALYs from eating disorders,Papua New Guinea,2019,17.438366
DALYs from eating disorders,Poland,2019,40.44478
DALYs from eating disorders,Puerto Rico,2019,66.136925
DALYs from eating disorders,North Korea,2019,14.495507
DALYs from eating disorders,Portugal,2019,89.29479
DALYs from eating disorders,Paraguay,2019,47.34677
DALYs from eating disorders,Palestine,2019,33.45399
DALYs from eating disorders,Qatar,2019,74.01693
DALYs from eating disorders,Romania,2019,34.887188
DALYs from eating disorders,Russia,2019,34.798225
DALYs from eating disorders,Rwanda,2019,20.132242
DALYs from eating disorders,Saudi Arabia,2019,59.767307
DALYs from eating disorders,Sudan,2019,30.938637
DALYs from eating disorders,Senegal,2019,22.138414
DALYs from eating disorders,Singapore,2019,97.324684
DALYs from eating disorders,Solomon Islands,2019,14.89786
DALYs from eating disorders,Sierra Leone,2019,18.56576
DALYs from eating disorders,El Salvador,2019,42.22388
DALYs from eating disorders,San Marino,2019,106.85454
DALYs from eating disorders,Somalia,2019,9.833867
DALYs from eating disorders,Serbia,2019,30.882065
DALYs from eating disorders,South Sudan,2019,32.033985
DALYs from eating disorders,Sao Tome and Principe,2019,23.882172
DALYs from eating disorders,Suriname,2019,48.232838
DALYs from eating disorders,Slovakia,2019,39.07842
DALYs from eating disorders,Slovenia,2019,39.521275
DALYs from eating disorders,Sweden,2019,109.52554
DALYs from eating disorders,Eswatini,2019,31.691189
DALYs from eating disorders,Seychelles,2019,32.633553
DALYs from eating disorders,Syria,2019,33.455532
DALYs from eating disorders,Chad,2019,20.962124
DALYs from eating disorders,Togo,2019,19.234024
DALYs from eating disorders,Thailand,2019,28.565636
DALYs from eating disorders,Tajikistan,2019,19.201311
DALYs from eating disorders,Tokelau,2019,22.041817
DALYs from eating disorders,Turkmenistan,2019,32.82547
DALYs from eating disorders,East Timor,2019,20.431328
DALYs from eating disorders,Tonga,2019,20.138292
DALYs from eating disorders,Trinidad and Tobago,2019,59.94061
DALYs from eating disorders,Tunisia,2019,43.620987
DALYs from eating disorders,Turkey,2019,61.95884
DALYs from eating disorders,Tuvalu,2019,17.75988
DALYs from eating disorders,Taiwan,2019,37.444847
DALYs from eating disorders,Tanzania,2019,22.46827
DALYs from eating disorders,Uganda,2019,20.482327
DALYs from eating disorders,Ukraine,2019,26.073982
DALYs from eating disorders,Uruguay,2019,75.259995
DALYs from eating disorders,United States,2019,89.455574
DALYs from eating disorders,Uzbekistan,2019,24.844477
DALYs from eating disorders,Saint Vincent and the Grenadines,2019,45.330963
DALYs from eating disorders,Venezuela,2019,45.479874
DALYs from eating disorders,United States Virgin Islands,2019,73.77198
DALYs from eating disorders,Vietnam,2019,20.586077
DALYs from eating disorders,Vanuatu,2019,16.642832
DALYs from eating disorders,Samoa,2019,20.330866
DALYs from eating disorders,Yemen,2019,26.062387
DALYs from eating disorders,South Africa,2019,34.76596
DALYs from eating disorders,Zambia,2019,24.392563
DALYs from eating disorders,Zimbabwe,2019,21.01112
DALYs from schizophrenia,East Asia & Pacific (WB),2019,199.55878
DALYs from schizophrenia,Eastern Mediterranean Region (WHO),2019,162.50323
DALYs from schizophrenia,England,2019,154.06956
DALYs from schizophrenia,Europe & Central Asia (WB),2019,176.41718
DALYs from schizophrenia,European Region (WHO),2019,176.55606
DALYs from schizophrenia,G20,2019,193.1667
DALYs from schizophrenia,High Income (WB),2019,207.7759
DALYs from schizophrenia,Latin America & Caribbean (WB),2019,180.00029
DALYs from schizophrenia,Low Income (WB),2019,137.98193
DALYs from schizophrenia,Lower Middle Income (WB),2019,175.65665
DALYs from schizophrenia,Middle East & North Africa (WB),2019,161.18654
DALYs from schizophrenia,Middle Income (WB),2019,190.191
DALYs from schizophrenia,North America (WB),2019,261.98694
DALYs from schizophrenia,Northern Ireland,2019,175.12141
DALYs from schizophrenia,OECD Countries,2019,204.46089
DALYs from schizophrenia,Region of the Americas (WHO),2019,209.58156
DALYs from schizophrenia,Scotland,2019,153.45132
DALYs from schizophrenia,South Asia (WB),2019,179.1617
DALYs from schizophrenia,South-East Asia Region (WHO),2019,181.39734
DALYs from schizophrenia,Sub-Saharan Africa (WB),2019,137.12843
DALYs from schizophrenia,Wales,2019,171.78789
DALYs from schizophrenia,Western Pacific Region (WHO),2019,201.9551
DALYs from schizophrenia,Angola,2019,139.54544
DALYs from schizophrenia,United Arab Emirates,2019,176.54521
DALYs from schizophrenia,Argentina,2019,199.65488
DALYs from schizophrenia,Armenia,2019,182.80116
DALYs from schizophrenia,Antigua and Barbuda,2019,185.28218
DALYs from schizophrenia,Australia,2019,247.17456
DALYs from schizophrenia,Austria,2019,176.50761
DALYs from schizophrenia,Azerbaijan,2019,182.70216
DALYs from schizophrenia,Burundi,2019,126.52365
DALYs from schizophrenia,Belgium,2019,173.76334
DALYs from schizophrenia,Benin,2019,137.02841
DALYs from schizophrenia,Burkina Faso,2019,133.73306
DALYs from schizophrenia,Bangladesh,2019,176.63086
DALYs from schizophrenia,Bulgaria,2019,185.39047
DALYs from schizophrenia,Bahrain,2019,173.44676
DALYs from schizophrenia,Bahamas,2019,182.68784
DALYs from schizophrenia,Bosnia and Herzegovina,2019,183.50687
DALYs from schizophrenia,Belarus,2019,178.38504
DALYs from schizophrenia,Belize,2019,173.7743
DALYs from schizophrenia,Bermuda,2019,197.17627
DALYs from schizophrenia,Bolivia,2019,171.19608
DALYs from schizophrenia,Brazil,2019,176.63608
DALYs from schizophrenia,Barbados,2019,181.88324
DALYs from schizophrenia,Brunei,2019,195.93474
DALYs from schizophrenia,Bhutan,2019,183.30133
DALYs from schizophrenia,Botswana,2019,140.99132
DALYs from schizophrenia,Central African Republic,2019,120.39889
DALYs from schizophrenia,Canada,2019,185.05113
DALYs from schizophrenia,Switzerland,2019,178.6776
DALYs from schizophrenia,Chile,2019,203.64383
DALYs from schizophrenia,China,2019,202.42096
DALYs from schizophrenia,Cote d'Ivoire,2019,136.53665
DALYs from schizophrenia,Cameroon,2019,136.29376
DALYs from schizophrenia,Democratic Republic of Congo,2019,129.41621
DALYs from schizophrenia,Congo,2019,136.72926
DALYs from schizophrenia,Cook Islands,2019,200.09383
DALYs from schizophrenia,Colombia,2019,180.04437
DALYs from schizophrenia,Comoros,2019,139.61304
DALYs from schizophrenia,Cape Verde,2019,147.96834
DALYs from schizophrenia,Costa Rica,2019,183.54181
DALYs from schizophrenia,Cuba,2019,180.25484
DALYs from schizophrenia,Cyprus,2019,174.9392
DALYs from schizophrenia,Czechia,2019,189.61565
DALYs from schizophrenia,Germany,2019,166.99728
DALYs from schizophrenia,Djibouti,2019,141.9528
DALYs from schizophrenia,Dominica,2019,175.7659
DALYs from schizophrenia,Denmark,2019,153.58748
DALYs from schizophrenia,Dominican Republic,2019,178.59055
DALYs from schizophrenia,Ecuador,2019,177.8063
DALYs from schizophrenia,Egypt,2019,159.07712
DALYs from schizophrenia,Eritrea,2019,131.83716
DALYs from schizophrenia,Spain,2019,170.51418
DALYs from schizophrenia,Estonia,2019,186.60797
DALYs from schizophrenia,Ethiopia,2019,136.74411
DALYs from schizophrenia,Finland,2019,167.9568
DALYs from schizophrenia,Fiji,2019,186.46461
DALYs from schizophrenia,France,2019,171.66977
DALYs from schizophrenia,Micronesia (country),2019,172.42331
DALYs from schizophrenia,Gabon,2019,145.70482
DALYs from schizophrenia,United Kingdom,2019,155.44608
DALYs from schizophrenia,Georgia,2019,178.26521
DALYs from schizophrenia,Ghana,2019,138.92679
DALYs from schizophrenia,Guinea,2019,133.81744
DALYs from schizophrenia,Gambia,2019,135.81279
DALYs from schizophrenia,Guinea-Bissau,2019,130.15312
DALYs from schizophrenia,Equatorial Guinea,2019,149.54132
DALYs from schizophrenia,Greece,2019,173.80046
DALYs from schizophrenia,Grenada,2019,178.97754
DALYs from schizophrenia,Greenland,2019,237.53403
DALYs from schizophrenia,Guatemala,2019,167.29846
DALYs from schizophrenia,Guam,2019,210.7296
DALYs from schizophrenia,Guyana,2019,166.12863
DALYs from schizophrenia,Honduras,2019,167.34178
DALYs from schizophrenia,Croatia,2019,188.46555
DALYs from schizophrenia,Haiti,2019,152.96342
DALYs from schizophrenia,Hungary,2019,187.27826
DALYs from schizophrenia,Indonesia,2019,189.27168
DALYs from schizophrenia,India,2019,180.38898
DALYs from schizophrenia,Ireland,2019,224.24637
DALYs from schizophrenia,Iran,2019,162.02142
DALYs from schizophrenia,Iraq,2019,156.52112
DALYs from schizophrenia,Iceland,2019,177.96698
DALYs from schizophrenia,Israel,2019,191.59685
DALYs from schizophrenia,Italy,2019,185.5313
DALYs from schizophrenia,Jamaica,2019,177.48836
DALYs from schizophrenia,Jordan,2019,164.00864
DALYs from schizophrenia,Japan,2019,195.18527
DALYs from schizophrenia,Kazakhstan,2019,181.17099
DALYs from schizophrenia,Kenya,2019,138.47491
DALYs from schizophrenia,Kyrgyzstan,2019,169.50215
DALYs from schizophrenia,Cambodia,2019,175.94266
DALYs from schizophrenia,Kiribati,2019,162.91335
DALYs from schizophrenia,Saint Kitts and Nevis,2019,181.9656
DALYs from schizophrenia,South Korea,2019,194.87764
DALYs from schizophrenia,Kuwait,2019,175.59567
DALYs from schizophrenia,Laos,2019,180.71788
DALYs from schizophrenia,Lebanon,2019,161.43504
DALYs from schizophrenia,Liberia,2019,130.58527
DALYs from schizophrenia,Libya,2019,159.0644
DALYs from schizophrenia,Saint Lucia,2019,177.00368
DALYs from schizophrenia,Sri Lanka,2019,193.52002
DALYs from schizophrenia,Lesotho,2019,127.19747
DALYs from schizophrenia,Lithuania,2019,185.36311
DALYs from schizophrenia,Luxembourg,2019,179.35359
DALYs from schizophrenia,Latvia,2019,183.71483
DALYs from schizophrenia,Morocco,2019,155.29015
DALYs from schizophrenia,Monaco,2019,187.83234
DALYs from schizophrenia,Moldova,2019,172.97597
DALYs from schizophrenia,Madagascar,2019,136.23373
DALYs from schizophrenia,Maldives,2019,203.80487
DALYs from schizophrenia,Mexico,2019,181.26976
DALYs from schizophrenia,Marshall Islands,2019,173.55695
DALYs from schizophrenia,North Macedonia,2019,185.06987
DALYs from schizophrenia,Mali,2019,135.94405
DALYs from schizophrenia,Malta,2019,176.87582
DALYs from schizophrenia,Myanmar,2019,179.12164
DALYs from schizophrenia,Montenegro,2019,185.24132
DALYs from schizophrenia,Mongolia,2019,175.10106
DALYs from schizophrenia,Northern Mariana Islands,2019,201.0392
DALYs from schizophrenia,Mozambique,2019,128.2202
DALYs from schizophrenia,Mauritania,2019,142.08527
DALYs from schizophrenia,Mauritius,2019,198.58032
DALYs from schizophrenia,Malawi,2019,128.55537
DALYs from schizophrenia,Malaysia,2019,204.7591
DALYs from schizophrenia,Namibia,2019,140.65012
DALYs from schizophrenia,Niger,2019,133.7769
DALYs from schizophrenia,Nigeria,2019,142.45244
DALYs from schizophrenia,Nicaragua,2019,173.16185
DALYs from schizophrenia,Niue,2019,189.21573
DALYs from schizophrenia,Netherlands,2019,235.20497
DALYs from schizophrenia,Norway,2019,179.96977
DALYs from schizophrenia,Nepal,2019,169.46042
DALYs from schizophrenia,Nauru,2019,181.0317
DALYs from schizophrenia,New Zealand,2019,247.1495
DALYs from schizophrenia,Oman,2019,170.40915
DALYs from schizophrenia,World,2019,184.14943
DALYs from schizophrenia,Pakistan,2019,177.38658
DALYs from schizophrenia,Panama,2019,185.10315
DALYs from schizophrenia,Peru,2019,180.57603
DALYs from schizophrenia,Philippines,2019,187.79942
DALYs from schizophrenia,Palau,2019,190.21106
DALYs from schizophrenia,Papua New Guinea,2019,172.1301
DALYs from schizophrenia,Poland,2019,189.29773
DALYs from schizophrenia,Puerto Rico,2019,187.82295
DALYs from schizophrenia,North Korea,2019,170.51378
DALYs from schizophrenia,Portugal,2019,171.31992
DALYs from schizophrenia,Paraguay,2019,178.02931
DALYs from schizophrenia,Palestine,2019,157.26195
DALYs from schizophrenia,Qatar,2019,182.49683
DALYs from schizophrenia,Romania,2019,186.16963
DALYs from schizophrenia,Russia,2019,180.30907
DALYs from schizophrenia,Rwanda,2019,133.44463
DALYs from schizophrenia,Saudi Arabia,2019,167.77563
DALYs from schizophrenia,Sudan,2019,149.08105
DALYs from schizophrenia,Senegal,2019,138.8746
DALYs from schizophrenia,Singapore,2019,208.19023
DALYs from schizophrenia,Solomon Islands,2019,163.1519
DALYs from schizophrenia,Sierra Leone,2019,132.89511
DALYs from schizophrenia,El Salvador,2019,171.1129
DALYs from schizophrenia,San Marino,2019,178.34587
DALYs from schizophrenia,Somalia,2019,120.177605
DALYs from schizophrenia,Serbia,2019,183.18143
DALYs from schizophrenia,South Sudan,2019,144.23735
DALYs from schizophrenia,Sao Tome and Principe,2019,143.34612
DALYs from schizophrenia,Suriname,2019,175.65927
DALYs from schizophrenia,Slovakia,2019,189.754
DALYs from schizophrenia,Slovenia,2019,192.32123
DALYs from schizophrenia,Sweden,2019,172.25583
DALYs from schizophrenia,Eswatini,2019,135.50989
DALYs from schizophrenia,Seychelles,2019,202.38803
DALYs from schizophrenia,Syria,2019,154.36089
DALYs from schizophrenia,Chad,2019,134.53276
DALYs from schizophrenia,Togo,2019,133.74069
DALYs from schizophrenia,Thailand,2019,194.85661
DALYs from schizophrenia,Tajikistan,2019,170.56447
DALYs from schizophrenia,Tokelau,2019,186.20375
DALYs from schizophrenia,Turkmenistan,2019,181.7876
DALYs from schizophrenia,East Timor,2019,168.57571
DALYs from schizophrenia,Tonga,2019,187.3583
DALYs from schizophrenia,Trinidad and Tobago,2019,183.25206
DALYs from schizophrenia,Tunisia,2019,161.90733
DALYs from schizophrenia,Turkey,2019,159.78465
DALYs from schizophrenia,Tuvalu,2019,176.78947
DALYs from schizophrenia,Taiwan,2019,204.4044
DALYs from schizophrenia,Tanzania,2019,136.55493
DALYs from schizophrenia,Uganda,2019,132.37558
DALYs from schizophrenia,Ukraine,2019,173.72682
DALYs from schizophrenia,Uruguay,2019,201.13924
DALYs from schizophrenia,United States,2019,270.65967
DALYs from schizophrenia,Uzbekistan,2019,174.02235
DALYs from schizophrenia,Saint Vincent and the Grenadines,2019,175.40672
DALYs from schizophrenia,Venezuela,2019,177.13849
DALYs from schizophrenia,United States Virgin Islands,2019,189.51546
DALYs from schizophrenia,Vietnam,2019,210.68578
DALYs from schizophrenia,Vanuatu,2019,172.5528
DALYs from schizophrenia,Samoa,2019,184.0594
DALYs from schizophrenia,Yemen,2019,143.3264
DALYs from schizophrenia,South Africa,2019,141.14746
DALYs from schizophrenia,Zambia,2019,134.65456
DALYs from schizophrenia,Zimbabwe,2019,128.21603
